codigo_empresa;codigo_centro_custo;nome_centro_custo;data_criacao;data_extincao;texto_centro_custo
8;002;FILIAL  002 - CACHOEIRINHA;01/01/1980;31/07/2024;002
8;003;FILIAL  003 - SAO GABRIEL;01/01/1980;31/07/2024;003
8;004;FILIAL  004 - ERECHIM;01/01/1980;;004
8;005;FILIAL  005 - CARAZINHO;01/01/1980;;005
8;006;FILIAL  006 - IJUI;01/01/1980;31/07/2024;006
8;007;FILIAL  007 - CRUZ ALTA;01/01/1980;31/07/2024;007
8;008;FILIAL  008 - PALMEIRA DAS MISSOES;01/01/1980;31/07/2024;008
8;009;FILIAL  009 - IJUI;01/01/1980;31/07/2024;009
8;010;FILIAL  010 - SANTO ANGELO;01/01/1980;;010
8;011;FILIAL  011 - TUPANCIRETA;01/01/1980;31/07/2024;011
8;012;FILIAL  012 - SANTA MARIA;01/01/1980;31/07/2024;012
8;014;FILIAL  014 - SANTA ROSA;01/01/1980;;014
8;015;FILIAL  015 - SANTO ANGELO;01/01/1980;31/07/2024;015
8;016;FILIAL  016 - ARROIO GRANDE;01/01/1980;;016
8;018;FILIAL  018 - ERECHIM;01/01/1980;31/07/2024;018
8;019;FILIAL  019 - CACHOEIRA DO SUL;01/01/1980;;019
8;020;FILIAL  020 - FREDERICO WESTPHALEN;01/01/1980;31/07/2024;020
8;021;FILIAL  021 - SAO GABRIEL;01/01/1980;31/07/2024;021
8;022;FILIAL  022 - CANOAS;01/01/1980;;022
8;023;FILIAL  023 - SAO FRANCISCO DE ASSIS;01/01/1980;;023
8;024;FILIAL  024 - TRES PASSOS;01/01/1980;31/07/2024;024
8;025;FILIAL  025 - SANTA MARIA;01/01/1980;;025
8;027;FILIAL  027 - PASSO FUNDO;01/01/1980;31/07/2024;027
8;028;FILIAL  028 - NOVA PRATA;01/01/1980;;028
8;029;FILIAL  029 - CHAPECO;01/01/1980;31/07/2024;029
8;032;FILIAL  032 - GUAPORE;01/01/1980;31/07/2024;032
8;033;FILIAL  033 - SANTO ANGELO;01/01/1980;;033
8;034;FILIAL  034 - BAGE;01/01/1980;;034
8;037;FILIAL  037 - SAO BORJA;01/01/1980;31/07/2024;037
8;038;FILIAL  038 - BAGE;01/01/1980;31/07/2024;038
8;039;FILIAL  039 - SANTA MARIA;01/01/1980;31/07/2024;039
8;040;FILIAL  040 - PELOTAS;01/01/1980;;040
8;041;FILIAL  041 - ESTEIO;01/01/1980;31/07/2024;041
8;042;FILIAL  042 - SANTANA DO LIVRAMENTO;01/01/1980;;042
8;043;FILIAL  043 - SANTO AUGUSTO;01/01/1980;;043
8;044;FILIAL  044 - PASSO FUNDO;01/01/1980;31/07/2024;044
8;045;FILIAL  045 - TAQUARA;01/01/1980;31/07/2024;045
8;046;FILIAL  046 - RIO GRANDE;01/01/1980;31/07/2024;046
8;047;FILIAL  047 - LAGES;01/01/1980;;047
8;048;FILIAL  048 - IJUI;01/01/1980;31/07/2024;048
8;049;FILIAL  049 - CAMPO MOURAO;01/01/1980;31/07/2024;049
8;050;FILIAL  050 - SANTA ROSA;01/01/1980;;050
8;051;FILIAL  051 - GIRUA;01/01/1980;31/07/2024;051
8;052;FILIAL  052 - PATO BRANCO;01/01/1980;;052
8;053;FILIAL  053 - PASSO FUNDO;01/01/1980;;053
8;054;FILIAL  054 - IBIRUBA;01/01/1980;;054
8;055;FILIAL  055 - CRUZ ALTA;01/01/1980;;055
8;056;FILIAL  056 - LAJEADO;01/01/1980;31/07/2024;056
8;057;FILIAL  057 - CARAZINHO;01/01/1980;;057
8;058;FILIAL  058 - LAGES;01/01/1980;31/07/2024;058
8;059;FILIAL  059 - CACHOEIRA DO SUL;01/01/1980;;059
8;061;FILIAL  061 - BENTO GONCALVES;01/01/1980;;061
8;063;FILIAL  063 - SAO JOSE;01/01/1980;;063
8;064;FILIAL  064 - CANGUCU;01/01/1980;;064
8;065;FILIAL  065 - PAROBE;01/01/1980;;065
8;066;FILIAL  066 - CONCORDIA;01/01/1980;31/07/2024;066
8;067;FILIAL  067 - CACHOEIRINHA;01/01/1980;31/07/2024;067
8;068;FILIAL  068 - FREDERICO WESTPHALEN;01/01/1980;31/07/2024;068
8;069;FILIAL  069 - PATO BRANCO;01/01/1980;31/07/2024;069
8;070;FILIAL  070 - CURITIBA;01/01/1980;31/07/2024;070
8;071;FILIAL  071 - PORTO ALEGRE;01/01/1980;;071
8;072;FILIAL  072 - NOVO HAMBURGO;01/01/1980;31/07/2024;072
8;073;FILIAL  073 - TRES COROAS;01/01/1980;;073
8;074;FILIAL  074 - FRAIBURGO;01/01/1980;;074
8;075;FILIAL  075 - DOIS VIZINHOS;01/01/1980;;075
8;076;FILIAL  076 - SAO MIGUEL DO OESTE;01/01/1980;31/07/2024;076
8;079;FILIAL  079 - FRANCISCO BELTRAO;01/01/1980;;079
8;080;FILIAL  080 - QUARAI;01/01/1980;;080
8;081;FILIAL  081 - ESTEIO;01/01/1980;31/07/2024;081
8;082;FILIAL  082 - TRIUNFO;01/01/1980;;082
8;083;FILIAL  083 - SANTA MARIA;01/01/1980;31/07/2024;083
8;084;FILIAL  084 - BENTO GONCALVES;01/01/1980;;084
8;085;FILIAL  085 - TRES DE MAIO;01/01/1980;31/07/2024;085
8;086;FILIAL  086 - PELOTAS;01/01/1980;31/07/2024;086
8;087;FILIAL  087 - ALEGRETE;01/01/1980;31/07/2024;087
8;088;FILIAL  088 - XANXERE;01/01/1980;31/07/2024;088
8;089;FILIAL  089 - SANTANA DO LIVRAMENTO;01/01/1980;31/07/2024;089
8;092;FILIAL  092 - VACARIA;01/01/1980;31/07/2024;092
8;093;FILIAL  093 - SAO LEOPOLDO;01/01/1980;;093
8;094;FILIAL  094 - SAO BORJA;01/01/1980;;094
8;095;FILIAL  095 - SAO BORJA;01/01/1980;31/07/2024;095
8;096;FILIAL  096 - SANTA CRUZ DO SUL;01/01/1980;;096
8;097;FILIAL  097 - PASSO FUNDO;01/01/1980;31/07/2024;097
8;099;FILIAL  099 - LAGES;01/01/1980;31/07/2024;099
8;100;FILIAL  100 - URUGUAIANA;01/01/1980;31/07/2024;100
8;105;FILIAL  105 - MONTENEGRO;01/01/1980;31/07/2024;105
8;107;FILIAL  107 - FARROUPILHA;01/01/1980;31/07/2024;107
8;108;FILIAL  108 - SANTIAGO;01/01/1980;31/07/2024;108
8;111;FILIAL  111 - CAMPOS NOVOS;01/01/1980;31/07/2024;111
8;112;FILIAL  112 - IJUI;01/01/1980;31/07/2024;112
8;113;FILIAL  113 - TRES PASSOS;01/01/1980;31/07/2024;113
8;116;FILIAL  116 - TOLEDO;01/01/1980;31/07/2024;116
8;117;FILIAL  117 - SOLEDADE;01/01/1980;31/07/2024;117
8;120;FILIAL  120 - PASSO FUNDO;01/01/1980;31/07/2024;120
8;121;FILIAL  121 - SAO BORJA;01/01/1980;;121
8;122;FILIAL  122 - CHAPECO;01/01/1980;31/07/2024;122
8;124;FILIAL  124 - SANTO ANGELO;01/01/1980;;124
8;125;FILIAL  125 - ERECHIM;01/01/1980;;125
8;126;FILIAL  126 - SANTA CRUZ DO SUL;01/01/1980;31/07/2024;126
8;127;FILIAL  127 - CAMAQUA;01/01/1980;31/07/2024;127
8;128;FILIAL  128 - SAO GABRIEL;01/01/1980;;128
8;129;FILIAL  129 - PALMEIRA DAS MISSOES;01/01/1980;;129
8;133;FILIAL  133 - CURITIBANOS;01/01/1980;;133
8;135;FILIAL  135 - CONCORDIA;01/01/1980;31/07/2024;135
8;136;FILIAL  136 - JOINVILLE;01/01/1980;31/07/2024;136
8;137;FILIAL  137 - BALNEARIO CAMBORIU;01/01/1980;;137
8;138;FILIAL  138 - RIO GRANDE;01/01/1980;;138
8;140;FILIAL  140 - UNIAO DA VITORIA;01/01/1980;;140
8;141;FILIAL  141 - UNIAO DA VITORIA;01/01/1980;;141
8;142;FILIAL  142 - ROSARIO DO SUL;01/01/1980;;142
8;143;FILIAL  143 - IJUI;01/01/1980;;143
8;145;FILIAL  145 - URUGUAIANA;01/01/1980;;145
8;146;FILIAL  146 - ARARANGUA;01/01/1980;;146
8;149;FILIAL  149 - TUBARAO;01/01/1980;;149
8;150;FILIAL  150 - PONTA GROSSA;01/01/1980;;150
8;151;FILIAL  151 - RIO GRANDE;01/01/1980;;151
8;152;FILIAL  152 - GUARAPUAVA;01/01/1980;;152
8;153;FILIAL  153 - PELOTAS;01/01/1980;;153
8;154;FILIAL  154 - VACARIA;01/01/1980;;154
8;155;FILIAL  155 - SAO LUIZ GONZAGA;01/01/1980;;155
8;156;FILIAL  156 - NOVO HAMBURGO;01/01/1980;;156
8;158;FILIAL  158 - PASSO FUNDO;01/01/1980;;158
8;159;FILIAL  159 - PASSO FUNDO;01/01/1980;;159
8;160;FILIAL  160 - CURITIBANOS;01/01/1980;;160
8;162;FILIAL  162 - PORTO ALEGRE;01/01/1980;;162
8;163;FILIAL  163 - CRUZ ALTA;01/01/1980;;163
8;167;FILIAL  167 - CACADOR;01/01/1980;;167
8;169;FILIAL  169 - CARAZINHO;01/01/1980;;169
8;171;FILIAL  171 - SAO JOSE;01/01/1980;;171
8;174;FILIAL  174 - CRICIUMA;01/01/1980;;174
8;175;FILIAL  175 - JOINVILLE;01/01/1980;;175
8;176;FILIAL  176 - PORTO ALEGRE;01/01/1980;;176
8;177;FILIAL  177 - ROSARIO DO SUL;01/01/1980;;177
8;180;FILIAL  180 - CURITIBA;01/01/1980;;180
8;181;FILIAL  181 - FRANCISCO BELTRAO;01/01/1980;;181
8;182;FILIAL  182 - CASCAVEL;01/01/1980;;182
8;183;FILIAL  183 - ALEGRETE;01/01/1980;;183
8;184;FILIAL  184 - BAGE;01/01/1980;;184
8;185;FILIAL  185 - PORTO ALEGRE;01/01/1980;;185
8;186;FILIAL  186 - SANTA ROSA;01/01/1980;;186
8;187;FILIAL  187 - LAGOA VERMELHA;01/01/1980;;187
8;188;FILIAL  188 - MARAU;01/01/1980;;188
8;189;FILIAL  189 - CANOAS;01/01/1980;;189
8;190;FILIAL  190 - SAO BORJA;01/01/1980;;190
8;191;FILIAL  191 - NOVO HAMBURGO;01/01/1980;;191
8;192;FILIAL  192 - DIONISIO CERQUEIRA;01/01/1980;;192
8;193;FILIAL  193 - DOM PEDRITO;01/01/1980;;193
8;194;FILIAL  194 - CASCAVEL;01/01/1980;;194
8;196;FILIAL  196 - CACAPAVA DO SUL;01/01/1980;;196
8;197;FILIAL  197 - ALVORADA;01/01/1980;;197
8;198;FILIAL  198 - BAGE;01/01/1980;;198
8;199;FILIAL  199 - SANTIAGO;01/01/1980;;199
8;201;FILIAL  201 - GRAVATAI;01/01/1980;;201
8;202;FILIAL  202 - SANTO ANGELO;01/01/1980;;202
8;203;FILIAL  203 - JOINVILLE;01/01/1980;;203
8;205;FILIAL  205 - JAGUARAO;01/01/1980;;205
8;206;FILIAL  206 - ITAQUI;01/01/1980;;206
8;208;FILIAL  208 - SAO JOSE;01/01/1980;;208
8;209;FILIAL  209 - SAO LEOPOLDO;01/01/1980;;209
8;210;FILIAL  210 - FLORIANOPOLIS;01/01/1980;;210
8;211;FILIAL  211 - FOZ DO IGUACU;01/01/1980;;211
8;212;FILIAL  212 - PORTO ALEGRE;01/01/1980;;212
8;215;FILIAL  215 - CAXIAS DO SUL;01/01/1980;;215
8;216;FILIAL  216 - NOVO HAMBURGO;01/01/1980;;216
8;217;FILIAL  217 - BLUMENAU;01/01/1980;;217
8;219;FILIAL  219 - LAGOA VERMELHA;01/01/1980;;219
8;220;FILIAL  220 - MAFRA;01/01/1980;;220
8;222;FILIAL  222 - PONTA GROSSA;01/01/1980;;222
8;224;FILIAL  224 - PONTA GROSSA;01/01/1980;;224
8;227;FILIAL  227 - CACADOR;01/01/1980;;227
8;228;FILIAL  228 - SANTANA DO LIVRAMENTO;01/01/1980;;228
8;229;FILIAL  229 - VENANCIO AIRES;01/01/1980;;229
8;230;FILIAL  230 - SAO LUIZ GONZAGA;01/01/1980;;230
8;231;FILIAL  231 - TUBARAO;01/01/1980;;231
8;233;FILIAL  233 - URUGUAIANA;01/01/1980;;233
8;234;FILIAL  234 - LAGES;01/01/1980;;234
8;235;FILIAL  235 - JOACABA;01/01/1980;;235
8;236;FILIAL  236 - CANOINHAS;01/01/1980;;236
8;238;FILIAL  238 - JOINVILLE;01/01/1980;;238
8;239;FILIAL  239 - SANTA MARIA;01/01/1980;;239
8;240;FILIAL  240 - LAJEADO;01/01/1980;;240
8;241;FILIAL  241 - ERECHIM;01/01/1980;;241
8;242;FILIAL  242 - ALEGRETE;01/01/1980;;242
8;243;FILIAL  243 - SAO GABRIEL;01/01/1980;;243
8;244;FILIAL  244 - SOLEDADE;01/01/1980;;244
8;245;FILIAL  245 - PASSO FUNDO;01/01/1980;;245
8;246;FILIAL  246 - ALEGRETE;01/01/1980;;246
8;247;FILIAL  247 - BAGE;01/01/1980;;247
8;248;FILIAL  248 - SANTANA DO LIVRAMENTO;01/01/1980;;248
8;249;FILIAL  249 - SANTO ANGELO;01/01/1980;;249
8;250;FILIAL  250 - PONTA GROSSA;01/01/1980;;250
8;251;FILIAL  251 - ARARANGUA;01/01/1980;;251
8;252;FILIAL  252 - IJUI;01/01/1980;;252
8;253;FILIAL  253 - ITAJAI;01/01/1980;;253
8;254;FILIAL  254 - PELOTAS;01/01/1980;;254
8;255;FILIAL  255 - SAO LEOPOLDO;01/01/1980;;255
8;256;FILIAL  256 - SANTA MARIA;01/01/1980;;256
8;257;FILIAL  257 - SANTANA DO LIVRAMENTO;01/01/1980;;257
8;258;FILIAL  258 - PASSO FUNDO;01/01/1980;;258
8;259;FILIAL  259 - DOM PEDRITO;01/01/1980;;259
8;260;FILIAL  260 - CONCORDIA;01/01/1980;;260
8;261;FILIAL  261 - CACHOEIRA DO SUL;01/01/1980;;261
8;262;FILIAL  262 - CAXIAS DO SUL;01/01/1980;;262
8;263;FILIAL  263 - ITAQUI;01/01/1980;;263
8;264;FILIAL  264 - PANAMBI;01/01/1980;;264
8;265;FILIAL  265 - SAO BORJA;01/01/1980;;265
8;266;FILIAL  266 - LAGES;01/01/1980;;266
8;267;FILIAL  267 - CANOINHAS;01/01/1980;;267
8;268;FILIAL  268 - SANTA CRUZ DO SUL;01/01/1980;;268
8;269;FILIAL  269 - ALEGRETE;01/01/1980;;269
8;270;FILIAL  270 - PORTO ALEGRE;01/01/1980;;270
8;271;FILIAL  271 - CANOAS;01/01/1980;;271
8;272;FILIAL  272 - GUARAPUAVA;01/01/1980;;272
8;273;FILIAL  273 - GUAIBA;01/01/1980;;273
8;274;FILIAL  274 - URUGUAIANA;01/01/1980;;274
8;275;FILIAL  275 - SAO LOURENCO DO SUL;01/01/1980;;275
8;276;FILIAL  276 - SAO MIGUEL DO OESTE;01/01/1980;;276
8;277;FILIAL  277 - GUARAPUAVA;01/01/1980;;277
8;278;FILIAL  278 - URUGUAIANA;01/01/1980;;278
8;279;FILIAL  279 - JOINVILLE;01/01/1980;;279
8;280;FILIAL  280 - CRUZ ALTA;01/01/1980;;280
8;281;FILIAL  281 - CARAZINHO;01/01/1980;;281
8;282;FILIAL  282 - SAO GABRIEL;01/01/1980;;282
8;283;FILIAL  283 - CRUZ ALTA;01/01/1980;;283
8;284;FILIAL  284 - MARAU;01/01/1980;;284
8;285;FILIAL  285 - SANTA CRUZ DO SUL;01/01/1980;;285
8;286;FILIAL  286 - SANTA CRUZ DO SUL;01/01/1980;;286
8;287;FILIAL  287 - SANTA MARIA;01/01/1980;;287
8;288;FILIAL  288 - MAFRA;01/01/1980;;288
8;289;FILIAL  289 - JAGUARAO;01/01/1980;;289
8;290;FILIAL  290 - RIO GRANDE;01/01/1980;;290
8;291;FILIAL  291 - CACHOEIRA DO SUL;01/01/1980;;291
8;292;FILIAL  292 - SANTA ROSA;01/01/1980;;292
8;293;FILIAL  293 - TOLEDO;01/01/1980;;293
8;294;FILIAL  294 - TUBARAO;01/01/1980;;294
8;295;FILIAL  295 - LAJEADO;01/01/1980;;295
8;296;FILIAL  296 - SAO LEOPOLDO;01/01/1980;;296
8;297;FILIAL  297 - VACARIA;01/01/1980;;297
8;298;FILIAL  298 - SANTA MARIA;01/01/1980;;298
8;299;FILIAL  299 - CACAPAVA DO SUL;01/01/1980;;299
8;300;FILIAL  300 - ITAJAI;01/01/1980;;300
8;301;FILIAL  301 - BENTO GONCALVES;01/01/1980;;301
8;302;FILIAL  302 - CACHOEIRA DO SUL;01/01/1980;;302
8;303;FILIAL  303 - CACHOEIRINHA;01/01/1980;;303
8;304;FILIAL  304 - FRANCISCO BELTRAO;01/01/1980;;304
8;305;FILIAL  305 - IJUI;01/01/1980;;305
8;306;FILIAL  306 - TAPEJARA;01/01/1980;;306
8;307;FILIAL  307 - PASSO FUNDO;01/01/1980;;307
8;308;FILIAL  308 - BARRACAO;01/01/1980;;308
8;309;FILIAL  309 - IJUI;01/01/1980;;309
8;310;FILIAL  310 - SANTO ANGELO;01/01/1980;;310
8;311;FILIAL  311 - FLORES DA CUNHA;01/01/1980;;311
8;312;FILIAL  312 - HORIZONTINA;01/01/1980;;312
8;313;FILIAL  313 - SAO SEPE;01/01/1980;;313
8;314;FILIAL  314 - TRES DE MAIO;01/01/1980;;314
8;315;FILIAL  315 - SAO PEDRO DO SUL;01/01/1980;;315
8;316;FILIAL  316 - TAQUARI;01/01/1980;;316
8;317;FILIAL  317 - CACHOEIRA DO SUL;01/01/1980;;317
8;318;FILIAL  318 - ESTEIO;01/01/1980;;318
8;319;FILIAL  319 - CERRO LARGO;01/01/1980;;319
8;320;FILIAL  320 - VACARIA;01/01/1980;;320
8;321;FILIAL  321 - CRUZ ALTA;01/01/1980;;321
8;322;FILIAL  322 - XAXIM;01/01/1980;;322
8;323;FILIAL  323 - SERAFINA CORREA;16/08/2005;;323
8;324;FILIAL  324 - SAO MARCOS;22/09/2005;;324
8;325;FILIAL  325 - HORIZONTINA;29/09/2005;;325
8;326;FILIAL  326 - CACEQUI;13/09/2005;;326
8;327;FILIAL  327 - BUTIA;01/02/2006;;327
8;328;FILIAL  328 - CAMAQUA;01/03/2006;;328
8;329;FILIAL  329 - CRISSIUMAL;01/02/2006;;329
8;330;FILIAL  330 - SANTO CRISTO;01/02/2006;;330
8;331;FILIAL  331 - SANTANA DO LIVRAMENTO;02/03/2006;;331
8;332;FILIAL  332 - SANTA VITORIA DO PALMAR;21/03/2006;;332
8;333;FILIAL  333 - VERANOPOLIS;01/05/2006;;333
8;334;FILIAL  334 - ESPUMOSO;01/06/2006;;334
8;335;FILIAL  335 - ANTONIO PRADO;01/05/2006;;335
8;336;FILIAL  336 - SAO SEBASTIAO DO CAI;01/10/2006;;336
8;337;FILIAL  337 - CANDELARIA;01/06/2006;;337
8;338;FILIAL  338 - AGUDO;01/07/2006;;338
8;339;FILIAL  339 - ROLANTE;01/06/2006;;339
8;340;FILIAL  340 - JAGUARI;01/07/2006;;340
8;341;FILIAL  341 - NAO ME TOQUE;01/07/2006;;341
8;342;FILIAL  342 - ARROIO DO TIGRE;01/07/2006;;342
8;343;FILIAL  343 - SAO FRANCISCO DE PAULA;01/07/2006;;343
8;344;FILIAL  344 - CHARQUEADAS;01/07/2006;;344
8;345;FILIAL  345 - PORTO ALEGRE;01/08/2006;;345
8;346;FILIAL  346 - CANOAS;01/08/2006;;346
8;347;FILIAL  347 - BENTO GONCALVES;01/08/2006;;347
8;348;FILIAL  348 - BARRACAO;01/08/2006;;348
8;349;FILIAL  349 - MONTENEGRO;01/08/2006;;349
8;350;FILIAL  350 - PORTO ALEGRE;01/08/2006;;350
8;351;FILIAL  351 - PALMEIRA;01/09/2006;;351
8;352;FILIAL  352 - MONTENEGRO;01/09/2006;;352
8;353;FILIAL  353 - PRUDENTOPOLIS;01/10/2006;;353
8;354;FILIAL  354 - SARANDI;01/10/2006;;354
8;355;FILIAL  355 - IBIRUBA;01/10/2006;;355
8;356;FILIAL  356 - SANANDUVA;01/10/2006;;356
8;357;FILIAL  357 - NOVA PRATA;01/11/2006;;357
8;358;FILIAL  358 - SANTA ROSA;01/11/2006;;358
8;359;FILIAL  359 - VIDEIRA;01/11/2006;;359
8;360;FILIAL  360 - PORTO XAVIER;01/03/2007;;360
8;361;FILIAL  361 - SANTA BARBARA DO SUL;01/04/2007;;361
8;362;FILIAL  362 - TENENTE PORTELA;01/04/2007;;362
8;363;FILIAL  363 - VERA CRUZ;01/08/2007;;363
8;364;FILIAL  364 - CAMPOS NOVOS;01/05/2007;;364
8;365;FILIAL  365 - TAPES;01/08/2007;;365
8;366;FILIAL  366 - QUARAI;01/06/2007;;366
8;367;FILIAL  367 - NOVA HARTZ;01/06/2007;;367
8;368;FILIAL  368 - IRATI;01/07/2007;;368
8;369;FILIAL  369 - IMBITUVA;01/07/2007;;369
8;370;FILIAL  370 - SANTO ANTONIO DA PATRULHA;01/06/2007;;370
8;371;FILIAL  371 - SANTA VITORIA DO PALMAR;01/07/2007;;371
8;372;FILIAL  372 - CAPANEMA;01/07/2007;;372
8;373;FILIAL  373 - NONOAI;01/07/2007;;373
8;374;FILIAL  374 - LAGES;01/08/2007;;374
8;375;FILIAL  375 - OSORIO;01/08/2007;;375
8;376;FILIAL  376 - PIRAI DO SUL;01/08/2007;;376
8;377;FILIAL  377 - GETULIO VARGAS;01/08/2007;;377
8;378;FILIAL  378 - SAO LOURENCO D OESTE;01/08/2007;;378
8;379;FILIAL  379 - CORONEL VIVIDA;01/10/2007;;379
8;380;FILIAL  380 - AMPERE;01/09/2007;;380
8;381;FILIAL  381 - LARANJEIRAS DO SUL;01/10/2007;;381
8;382;FILIAL  382 - SAO LOURENCO DO SUL;01/10/2007;;382
8;383;FILIAL  383 - MARAVILHA;01/10/2007;;383
8;384;FILIAL  384 - ARROIO DO MEIO;01/10/2007;;384
8;385;FILIAL  385 - VENANCIO AIRES;01/10/2007;;385
8;386;FILIAL  386 - IGREJINHA;01/10/2007;;386
8;387;FILIAL  387 - PALMAS;01/11/2007;;387
8;388;FILIAL  388 - NOVA PRATA;01/11/2007;;388
8;389;FILIAL  389 - CARAZINHO;01/12/2007;;389
8;390;FILIAL  390 - VIAMAO;01/12/2007;;390
8;391;FILIAL  391 - RIO PARDO;01/12/2007;;391
8;392;FILIAL  392 - ARROIO GRANDE;01/12/2007;;392
8;393;FILIAL  393 - REALEZA;01/01/2008;;393
8;394;FILIAL  394 - CARAZINHO;01/02/2008;;394
8;395;FILIAL  395 - CHAPECO;01/02/2008;;395
8;396;FILIAL  396 - CONCORDIA;01/03/2008;;396
8;397;FILIAL  397 - TEUTONIA;01/05/2008;;397
8;398;FILIAL  398 - PINHAO;01/03/2008;;398
8;399;FILIAL  399 - SANTIAGO;01/04/2008;;399
8;400;FILIAL  400 - SANTA MARIA;01/05/2008;;400
8;401;FILIAL  401 - JULIO DE CASTILHOS;01/05/2008;;401
8;402;FILIAL  402 - SANTA MARIA;01/05/2008;;402
8;403;FILIAL  403 - GUARAPUAVA;01/07/2008;;403
8;404;FILIAL  404 - FREDERICO WESTPHALEN;01/07/2008;;404
8;405;FILIAL  405 - ITAQUI;01/07/2008;;405
8;406;FILIAL  406 - SAO FRANCISCO DE ASSIS;01/07/2008;;406
8;407;FILIAL  407 - RESTINGA SECA;01/08/2008;;407
8;408;FILIAL  408 - CLEVELANDIA;01/09/2008;;408
8;409;FILIAL  409 - PANAMBI;01/10/2008;;409
8;410;FILIAL  410 - SAO SEPE;01/10/2008;;410
8;411;FILIAL  411 - ALEGRETE;01/10/2008;;411
8;412;FILIAL  412 - SAO LEOPOLDO;01/10/2008;;412
8;413;FILIAL  413 - SAO LEOPOLDO;01/10/2008;;413
8;414;FILIAL  414 - GIRUA;01/02/2009;;414
8;415;FILIAL  415 - CACAPAVA DO SUL;01/11/2008;;415
8;416;FILIAL  416 - FRAIBURGO;01/12/2008;;416
8;417;FILIAL  417 - PASSO FUNDO;01/08/2009;;417
8;418;FILIAL  418 - SAO MATEUS DO SUL;01/08/2009;;418
8;419;FILIAL  419 - SEBERI;01/03/2009;;419
8;420;FILIAL  420 - PELOTAS;01/04/2009;;420
8;421;FILIAL  421 - SANTA MARIA;01/05/2009;;421
8;422;FILIAL  422 - XANXERE;01/06/2009;;422
8;423;FILIAL  423 - CONSTANTINA;01/06/2009;;423
8;424;FILIAL  424 - CANOAS;01/07/2009;;424
8;425;FILIAL  425 - CANOINHAS;01/09/2009;;425
8;427;FILIAL  427 - CORREIA PINTO;01/10/2009;;427
8;428;FILIAL  428 - SANTANA DO LIVRAMENTO;01/10/2009;;428
8;429;FILIAL  429 - PELOTAS;01/10/2009;;429
8;430;FILIAL  430 - SANTANA DO LIVRAMENTO;01/10/2009;;430
8;431;FILIAL  431 - SAO LUIZ GONZAGA;01/11/2009;;431
8;432;FILIAL  432 - PASSO FUNDO;01/02/2010;;432
8;433;FILIAL  433 - SANTO ANTONIO DAS MISSOES;01/11/2009;;433
8;434;FILIAL  434 - CANOINHAS;01/02/2010;;434
8;435;FILIAL  435 - CANOINHAS;01/02/2010;;435
8;436;FILIAL  436 - OTACILIO COSTA;01/01/2010;;436
8;437;FILIAL  437 - SAO LUIZ GONZAGA;01/03/2010;;437
8;438;FILIAL  438 - IBIRUBA;01/03/2010;;438
8;439;FILIAL  439 - TRES PASSOS;01/05/2010;;439
8;440;FILIAL  440 - ABELARDO LUZ;01/08/2010;;440
8;441;FILIAL  441 - LAGES;01/08/2010;;441
8;442;FILIAL  442 - FAXINAL DO SOTURNO;01/10/2010;;442
8;443;FILIAL  443 - SANTA BARBARA DO SUL;01/11/2010;;443
8;444;FILIAL  444 - SOBRADINHO;01/11/2010;;444
8;445;FILIAL  445 - SANTIAGO;01/12/2010;;445
8;446;FILIAL  446 - JULIO DE CASTILHOS;01/01/2011;;446
8;447;FILIAL  447 - URUGUAIANA;01/01/2011;;447
8;448;FILIAL  448 - TAQUARA;01/01/2011;;448
8;449;FILIAL  449 - SAO JOAQUIM;01/02/2011;;449
8;450;FILIAL  450 - FAXINAL DOS GUEDES;01/04/2011;;450
8;451;FILIAL  451 - SAO BORJA;01/04/2011;;451
8;452;FILIAL  452 - SANTO AUGUSTO;01/04/2011;;452
8;453;FILIAL  453 - RODEIO BONITO;01/05/2011;;453
8;454;FILIAL  454 - ARVOREZINHA;01/04/2011;;454
8;455;FILIAL  455 - ITAQUI;01/05/2011;;455
8;456;FILIAL  456 - ERVAL SECO;01/06/2011;;456
8;457;FILIAL  457 - SAO DOMINGOS;01/06/2011;;457
8;458;FILIAL  458 - ENCANTADO;01/08/2011;;458
8;459;FILIAL  459 - SAO GABRIEL;01/08/2011;;459
8;460;FILIAL  460 - SOLEDADE;01/09/2011;;460
8;461;FILIAL  461 - VENANCIO AIRES;01/09/2011;;461
8;462;FILIAL  462 - TUPANCIRETA;01/11/2011;;462
8;463;FILIAL  463 - CAMAQUA;01/10/2011;;463
8;464;FILIAL  464 - FREDERICO WESTPHALEN;01/11/2011;;464
8;465;FILIAL  465 - SAO JERONIMO;01/11/2011;;465
8;466;FILIAL  466 - AGUDO;01/02/2012;;466
8;467;FILIAL  467 - ALEGRETE;01/03/2012;;467
8;468;FILIAL  468 - CRUZ ALTA;01/03/2012;;468
8;469;FILIAL  469 - CARAZINHO;01/03/2012;;469
8;470;FILIAL  470 - CHAPECO;01/03/2012;;470
8;471;FILIAL  471 - ESPUMOSO;01/03/2012;;471
8;472;FILIAL  472 - RONDA ALTA;01/04/2012;;472
8;473;FILIAL  473 - NOVA HARTZ;01/04/2012;;473
8;474;FILIAL  474 - TRES DE MAIO;01/06/2012;;474
8;475;FILIAL  475 - CHAPECO;01/06/2012;;475
8;476;FILIAL  476 - SANTO AUGUSTO;01/09/2012;;476
8;477;FILIAL  477 - TAPEJARA;01/08/2012;;477
8;478;FILIAL  478 - TUPANCIRETA;01/09/2012;;478
8;479;FILIAL  479 - TAPERA;01/09/2012;;479
8;480;FILIAL  480 - TUPANCIRETA;01/09/2012;;480
8;481;FILIAL  481 - PORTO ALEGRE;01/11/2012;;481
8;482;FILIAL  482 - LAGOA VERMELHA;01/11/2012;;482
8;483;FILIAL  483 - SAO MIGUEL DO OESTE;01/10/2012;;483
8;484;FILIAL  484 - CACADOR;01/11/2012;;484
8;485;FILIAL  485 - CACADOR;01/11/2012;;485
8;486;FILIAL  486 - NOVO HAMBURGO;01/03/2013;;486
8;487;FILIAL  487 - SAPIRANGA;01/03/2013;;487
8;488;FILIAL  488 - NOVO HAMBURGO;01/03/2013;;488
8;489;FILIAL  489 - ESTRELA;01/02/2013;;489
8;490;FILIAL  490 - MONTENEGRO;01/03/2013;;490
8;491;FILIAL  491 - LAJEADO;01/06/2013;;491
8;492;FILIAL  492 - PIRATINI;01/06/2013;;492
8;493;FILIAL  493 - PASSO FUNDO;01/06/2013;;493
8;494;FILIAL  494 - TRIUNFO;01/06/2013;;494
8;495;FILIAL  495 - LAJEADO;01/07/2013;;495
8;496;FILIAL  496 - RIO PARDO;01/09/2013;;496
8;497;FILIAL  497 - CORONEL BICACO;01/09/2013;;497
8;498;FILIAL  498 - PASSO FUNDO;01/09/2013;;498
8;499;FILIAL  499 - PASSO FUNDO;01/09/2013;;499
8;500;FILIAL  500 - CAXIAS DO SUL;01/09/2013;;500
8;501;FILIAL  501 - ERECHIM;01/10/2013;;501
8;502;FILIAL  502 - PASSO FUNDO;01/10/2013;;502
8;503;FILIAL  503 - TRES COROAS;01/03/2014;;503
8;504;FILIAL  504 - CERRO LARGO;01/03/2014;;504
8;505;FILIAL  505 - CERRO LARGO;01/03/2014;;505
8;506;FILIAL  506 - ROSARIO DO SUL;01/03/2014;;506
8;507;FILIAL  507 - PIRATINI;01/03/2014;;507
8;508;FILIAL  508 - MARAU;01/03/2014;;508
8;509;FILIAL  509 - CARAZINHO;01/03/2014;;509
8;510;FILIAL  510 - VACARIA;01/04/2014;;510
8;511;FILIAL  511 - HORIZONTINA;01/07/2014;;511
8;512;FILIAL  512 - ERECHIM;01/04/2014;;512
8;513;FILIAL  513 - SANTO CRISTO;01/04/2014;;513
8;514;FILIAL  514 - PASSO FUNDO;01/04/2014;;514
8;515;FILIAL  515 - PASSO FUNDO;01/07/2014;;515
8;516;FILIAL  516 - ESTEIO;01/06/2014;;516
8;517;FILIAL  517 - DOIS VIZINHOS;01/07/2014;;517
8;518;FILIAL  518 - ITAIOPOLIS;01/09/2014;;518
8;519;FILIAL  519 - MARAU;01/09/2014;;519
8;520;FILIAL  520 - NONOAI;01/09/2014;;520
8;521;FILIAL  521 - PINHEIRO MACHADO;01/09/2014;;521
8;522;FILIAL  522 - PASSO FUNDO;01/10/2014;;522
8;523;FILIAL  523 - CARAZINHO;01/10/2014;;523
8;524;FILIAL  524 - TEUTONIA;01/10/2014;;524
8;525;FILIAL  525 - PASSO FUNDO;01/10/2014;;525
8;526;FILIAL  526 - SANTA MARIA;01/10/2014;;526
8;527;FILIAL  527 - ESTRELA;01/10/2014;;527
8;528;FILIAL  528 - BARROS CASSAL;01/11/2014;;528
8;529;FILIAL  529 - PASSO FUNDO;01/03/2015;;529
8;530;FILIAL  530 - SANTA MARIA;01/03/2015;;530
8;531;FILIAL  531 - PALMEIRA DAS MISSOES;01/05/2015;;531
8;532;FILIAL  532 - CASCA;01/05/2015;;532
8;533;FILIAL  533 - SANTA MARIA;01/05/2015;;533
8;534;FILIAL  534 - LAJEADO;21/07/2015;;534
8;535;FILIAL  535 - PALMEIRA DAS MISSOES;18/08/2015;;535
8;536;FILIAL  536 - GETULIO VARGAS;01/11/2015;;536
8;537;FILIAL  537 - SANTO ANGELO;01/11/2015;;537
8;538;FILIAL  538 - GETULIO VARGAS;01/02/2016;;538
8;539;FILIAL  539 - BENTO GONCALVES;01/04/2016;;539
8;540;FILIAL  540 - SOLEDADE;01/04/2016;;540
8;541;FILIAL  541 - ROSARIO DO SUL;01/04/2016;;541
8;542;FILIAL  542 - PALMITINHO;01/11/2016;;542
8;543;FILIAL  543 - GARIBALDI;01/05/2017;;543
8;544;FILIAL  544 - GARIBALDI;01/06/2017;;544
8;545;FILIAL  545 - SELBACH;01/06/2017;;545
8;546;FILIAL  546 - RIO GRANDE;01/07/2017;;546
8;547;FILIAL  547 - GUARANI DAS MISSOES;01/09/2017;;547
8;548;FILIAL  548 - PANAMBI;17/08/2017;;548
8;549;ECM - E-COMERCE 549;01/07/2018;;549
8;550;FILIAL  550 - PLANALTO;01/09/2017;;550
8;551;FILIAL  551 - BOA VISTA DO BURICA;01/09/2017;;551
8;552;FILIAL  552 - CATUIPE;01/09/2017;;552
8;553;FILIAL  553 - BOSSOROCA;01/10/2017;;553
8;554;FILIAL  554 - BAGE;13/11/2017;;554
8;555;FILIAL  555 - CAMAQUA;09/11/2017;;555
8;556;FILIAL  556 - TAPERA;09/11/2017;;556
8;557;FILIAL  557 - SALTO DO JACUI;13/11/2017;;557
8;558;FILIAL  558 - PIRAI DO SUL;21/11/2017;;558
8;559;FILIAL  559 - HERVAL DOESTE;07/12/2017;;559
8;560;FILIAL  560 - CUNHA PORA;07/12/2017;;560
8;561;FILIAL  561 - CANGUCU;02/02/2018;;561
8;562;FILIAL  562 - CARLOS BARBOSA;02/02/2018;;562
8;563;FILIAL  563 - SAO SEBASTIAO DO CAI;02/02/2018;;563
8;564;FILIAL  564 - CORONEL FREITAS;16/02/2018;;564
8;565;FILIAL  565 - SAO MIGUEL DO OESTE;08/03/2018;;565
8;566;FILIAL  566 - PORTO ALEGRE;10/08/2018;;566
8;567;FILIAL  567 - JAGUARAO;02/04/2018;;567
8;568;FILIAL  568 - RIO PARDO;01/05/2018;;568
8;569;FILIAL  569 - FRAIBURGO;01/06/2018;;569
8;570;FILIAL  570 - MARAVILHA;01/06/2018;;570
8;571;FILIAL  571 - MARMELEIRO;01/06/2018;;571
8;572;FILIAL  572 - SAO MIGUEL DO OESTE;29/05/2018;;572
8;573;FILIAL  573 - SANTO ANTONIO DO SUDOESTE;20/06/2018;;573
8;574;FILIAL  574 - VERANOPOLIS;21/08/2018;;574
8;575;FILIAL  575 - CLEVELANDIA;22/08/2018;;575
8;576;FILIAL  576 - SANTA ROSA;30/08/2018;;576
8;577;FILIAL  577 - PINHAO;01/01/2019;;577
8;578;FILIAL  578 - CHAPADA;01/11/2018;;578
8;579;FILIAL  579 - VERA CRUZ;01/04/2019;;579
8;580;FILIAL  580 - SANTA ROSA;01/08/2020;;580
8;581;FILIAL  581 - PASSO FUNDO;01/08/2019;;581
8;582;FILIAL  582 - SANTA MARIA;01/10/2019;;582
8;584;FILIAL  584 - PASSO FUNDO;01/10/2020;;584
8;585;FILIAL  585 - TUPARENDI;01/10/2020;;585
8;587;FILIAL  587 - ARROIO DO TIGRE;01/02/2025;;587
8;588;FILIAL  588 - PORTO UNIAO;01/03/2025;;588
8;590;FILIAL  590 - GUAPORE;01/09/2021;;590
8;592;FILIAL  592 - PASSO FUNDO;11/02/2025;;592
8;593;FILIAL  593 - FONTOURA XAVIER;01/06/2021;;593
8;595;FILIAL  595 - CHAPECO;01/09/2021;;595
8;596;FILIAL  596 - IJUI;01/06/2021;;596
8;597;FILIAL  597 - CAXIAS DO SUL;18/02/2025;;597
8;601;FILIAL  601 - SANTA MARIA;01/03/2025;;601
8;602;FILIAL  602 - NAO ME TOQUE;25/02/2025;;602
8;603;FILIAL  603 - ENTRE IJUIS;03/01/2022;;603
8;604;FILIAL  604 - SAO PAULO DAS MISSOES;01/08/2021;;604
8;605;FILIAL  605 - ALEGRETE;01/08/2021;;605
8;606;FILIAL  606 - GUARAPUAVA;30/11/2021;;606
8;607;FILIAL  607 - PONTA GROSSA;24/01/2022;;607
8;610;FILIAL  610 - IBIRAIARAS;01/10/2021;;610
8;611;FILIAL  611 - ESPUMOSO;03/01/2022;;611
8;613;FILIAL  613 - TRES DE MAIO;01/04/2022;;613
8;615;FILIAL  615 - PELOTAS;03/01/2022;;615
8;616;FILIAL  616 - SARANDI;03/01/2022;;616
8;617;FILIAL  617 - SARANDI;03/01/2022;;617
8;618;FILIAL  618 - GAURAMA;01/04/2022;;618
8;619;FILIAL  619 - SAO JOAQUIM;01/03/2022;;619
8;620;FILIAL  620 - SAO GABRIEL;01/03/2025;;620
8;621;FILIAL  621 - SERTAO;01/03/2022;;621
8;622;FILIAL  622 - POUSO REDONDO;01/05/2022;;622
8;623;FILIAL  623 - OSORIO;01/04/2022;;623
8;624;FILIAL  624 - CAMPOS NOVOS;01/04/2022;;624
8;625;FILIAL  625 - SIDEROPOLIS;01/05/2022;;625
8;626;FILIAL  626 - MARAU;01/05/2022;;626
8;627;FILIAL  627 - ALECRIM;01/05/2022;;627
8;631;FILIAL  631 - SAO LEOPOLDO;06/10/2022;;631
8;632;FILIAL  632 - SANTA VITORIA DO PALMAR;01/01/2023;;632
8;633;FILIAL  633 - SAO MATEUS DO SUL;01/03/2023;;633
8;634;FILIAL  634 - ABELARDO LUZ;01/04/2023;;634
8;635;FILIAL  635 - SANTO ANGELO;01/08/2023;;635
8;636;FILIAL  636 - CHARQUEADAS;01/10/2023;;636
8;639;FILIAL  639 - SOLEDADE;01/11/2023;;639
8;640;FILIAL  640 - PLANALTO;01/11/2023;;640
8;641;FILIAL  641 - CARAZINHO;01/05/2024;;641
8;643;FILIAL  643 - PATO BRANCO;21/10/2025;;643
8;644;FILIAL  644 - PALMEIRA DAS MISSOES;01/06/2024;;644
8;645;FILIAL  645 - TRES PASSOS;01/07/2024;;645
8;646;FILIAL  646 - CACHOEIRA DO SUL;01/07/2024;;646
8;647;FILIAL  647 - CURITIBANOS;01/07/2024;;647
8;648;FILIAL  648 - SAO LEOPOLDO;01/10/2024;;648
8;649;FILIAL  649 - SANTA ROSA;01/10/2024;;649
8;650;FILIAL  650 - GIRUA;01/10/2024;;650
8;651;FILIAL  651 - CAXIAS DO SUL;01/03/2025;;651
8;652;FILIAL  652 - GIRUA;11/03/2025;;652
8;653;FILIAL  653 - PINHAO;13/03/2025;;653
8;654;FILIAL  654 - CONCORDIA;15/03/2025;;654
8;655;FILIAL  655 - PASSO FUNDO;01/05/2025;;655
8;656;FILIAL  656 - CACAPAVA DO SUL;01/08/2025;;656
8;657;FILIAL  657 - MORRO DA FUMACA;01/05/2025;;657
8;658;FILIAL  658 - MATELANDIA;11/08/2025;;658
8;659;FILIAL  659 - SAO MIGUEL DO IGUACU;01/08/2025;;659
8;660;FILIAL  660 - URUGUAIANA;21/07/2025;;660
8;661;FILIAL  661 - ITAQUI;21/07/2025;;661
8;662;FILIAL  662 - TRES DE MAIO;21/07/2025;;662
8;663;FILIAL  663 - TOLEDO;01/08/2025;;663
8;664;FILIAL  664 - GRAVATAI;01/09/2025;;664
8;665;FILIAL  665 - LAURO MULLER;01/09/2025;;665
8;666;FILIAL  666 - NOVA SANTA ROSA;01/09/2025;;666
8;667;FILIAL  667 - CASCAVEL;01/09/2025;;667
8;668;FILIAL  668 - BAGE;01/11/2025;;668
8;669;FILIAL  669 - MEDIANEIRA;02/02/2026;;669
8;7002;FILIAL  7002 - CACHOEIRINHA;01/07/2020;;7002
8;7005;FILIAL  7005 - CARAZINHO;01/06/2020;;7005
8;7007;FILIAL  7007 - CRUZ ALTA;01/12/2020;;7007
8;7008;FILIAL  7008 - PALMEIRA DAS MISSOES;02/05/2020;;7008
8;7009;FILIAL  7009 - IJUI;01/06/2021;;7009
8;7015;FILIAL  7015 - SANTO ANGELO;01/08/2023;;7015
8;7020;FILIAL  7020 - FREDERICO WESTPHALEN;02/05/2020;;7020
8;7022;FILIAL  7022 - CANOAS;02/11/2020;;7022
8;7024;FILIAL  7024 - TRES PASSOS;01/06/2020;;7024
8;7032;FILIAL  7032 - GUAPORE;02/02/2021;;7032
8;7037;FILIAL  7037 - SAO BORJA;02/05/2020;;7037
8;7038;FILIAL  7038 - BAGE;01/06/2020;;7038
8;7041;FILIAL  7041 - ESTEIO;01/07/2020;;7041
8;7044;FILIAL  7044 - PASSO FUNDO;01/07/2020;;7044
8;7046;FILIAL  7046 - RIO GRANDE;01/06/2020;;7046
8;7047;FILIAL  7047 - LAGES;01/07/2020;;7047
8;7050;FILIAL  7050 - SANTA ROSA;01/07/2020;31/07/2024;7050
8;7051;FILIAL  7051 - GIRUA;01/08/2020;;7051
8;7059;FILIAL  7059 - CACHOEIRA DO SUL;02/05/2020;;7059
8;7065;FILIAL  7065 - PAROBE;01/07/2020;;7065
8;7066;FILIAL  7066 - CONCORDIA;01/06/2020;;7066
8;7083;FILIAL  7083 - SANTA MARIA;01/07/2020;;7083
8;7084;FILIAL  7084 - BENTO GONCALVES;01/05/2021;;7084
8;7092;FILIAL  7092 - VACARIA;01/06/2020;;7092
8;7093;FILIAL  7093 - SAO LEOPOLDO;02/11/2020;;7093
8;7099;FILIAL  7099 - LAGES;01/09/2020;;7099
8;7108;FILIAL  7108 - SANTIAGO;01/06/2020;;7108
8;7112;FILIAL  7112 - IJUI;01/09/2020;;7112
8;7133;FILIAL  7133 - CURITIBANOS;01/05/2021;;7133
8;7138;FILIAL  7138 - RIO GRANDE;01/09/2020;;7138
8;7140;FILIAL  7140 - UNIAO DA VITORIA;01/09/2020;;7140
8;7145;FILIAL  7145 - URUGUAIANA;02/05/2020;;7145
8;7173;FILIAL  7173 - PORTO ALEGRE;01/10/2019;;7173
8;7183;FILIAL  7183 - ALEGRETE;01/06/2020;;7183
8;7193;FILIAL  7193 - DOM PEDRITO;01/08/2020;;7193
8;7233;FILIAL  7233 - URUGUAIANA;02/11/2020;;7233
8;7244;FILIAL  7244 - SOLEDADE;01/09/2020;;7244
8;7268;FILIAL  7268 - SANTA CRUZ DO SUL;01/06/2020;;7268
8;7314;FILIAL  7314 - TRES DE MAIO;02/11/2020;;7314
8;7353;FILIAL  7353 - PRUDENTOPOLIS;01/06/2020;;7353
8;7386;FILIAL  7386 - IGREJINHA;01/10/2020;;7386
8;7390;FILIAL  7390 - VIAMAO;01/07/2020;;7390
8;7405;FILIAL  7405 - ITAQUI;02/05/2020;;7405
8;7406;FILIAL  7406 - SAO FRANCISCO DE ASSIS;01/08/2020;;7406
8;7412;FILIAL  7412 - SAO LEOPOLDO;01/07/2020;;7412
8;7415;FILIAL  7415 - CACAPAVA DO SUL;02/05/2020;;7415
8;7430;FILIAL  7430 - SANTANA DO LIVRAMENTO;02/05/2020;;7430
8;7437;FILIAL  7437 - SAO LUIZ GONZAGA;03/01/2022;;7437
8;7438;FILIAL  7438 - IBIRUBA;02/05/2020;;7438
8;7442;FILIAL  7442 - FAXINAL DO SOTURNO;01/10/2020;;7442
8;7446;FILIAL  7446 - JULIO DE CASTILHOS;02/11/2020;;7446
8;7461;FILIAL  7461 - VENANCIO AIRES;01/09/2020;;7461
8;7466;FILIAL  7466 - AGUDO;02/11/2020;;7466
8;7471;FILIAL  7471 - ESPUMOSO;01/10/2020;;7471
8;7478;FILIAL  7478 - TUPANCIRETA;02/05/2020;;7478
8;7485;FILIAL  7485 - CACADOR;02/05/2020;;7485
8;7488;FILIAL  7488 - NOVO HAMBURGO;01/07/2020;;7488
8;7491;FILIAL  7491 - LAJEADO;02/05/2020;;7491
8;7493;FILIAL  7493 - PASSO FUNDO;01/04/2020;;7493
8;7500;FILIAL  7500 - CAXIAS DO SUL;01/07/2020;;7500
8;7504;FILIAL  7504 - CERRO LARGO;02/11/2020;;7504
8;7524;FILIAL  7524 - TEUTONIA;01/10/2020;;7524
8;7536;FILIAL  7536 - GETULIO VARGAS;01/06/2020;;7536
8;7540;FILIAL  7540 - SOLEDADE;01/09/2020;;7540
8;7541;FILIAL  7541 - ROSARIO DO SUL;01/06/2020;;7541
8;7543;FILIAL  7543 - GARIBALDI;01/12/2020;;7543
8;7548;FILIAL  7548 - PANAMBI;02/02/2021;;7548
8;7555;FILIAL  7555 - CAMAQUA;02/05/2020;;7555
8;7563;FILIAL  7563 - SAO SEBASTIAO DO CAI;02/05/2020;;7563
8;7565;FILIAL  7565 - SAO MIGUEL DO OESTE;02/05/2020;;7565
8;7568;FILIAL  7568 - RIO PARDO;02/05/2020;;7568
8;7569;FILIAL  7569 - FRAIBURGO;02/05/2020;;7569
8;7570;FILIAL  7570 - MARAVILHA;01/06/2020;;7570
8;7577;FILIAL  7577 - PINHAO;02/05/2020;;7577
8;7582;FILIAL  7582 - SANTA MARIA;01/07/2020;;7582
8;7586;FILIAL  7586 - RESTINGA SECA;01/10/2020;;7586
8;7587;FILIAL  7587 - ARROIO DO TIGRE;01/10/2020;;7587
8;7588;FILIAL  7588 - PORTO UNIAO;30/10/2020;;7588
8;7589;FILIAL  7589 - NOVO HAMBURGO;01/08/2021;;7589
8;7591;FILIAL  7591 - ESTRELA;01/09/2021;;7591
8;7592;FILIAL  7592 - PASSO FUNDO;01/08/2021;;7592
8;7594;FILIAL  7594 - SANTA MARIA;01/08/2021;;7594
8;7597;FILIAL  7597 - CAXIAS DO SUL;01/08/2021;;7597
8;7598;FILIAL  7598 - GUARAPUAVA;30/11/2021;;7598
8;7599;FILIAL  7599 - PONTA GROSSA;01/11/2021;;7599
8;7601;FILIAL  7601 - SANTA MARIA;01/08/2021;;7601
8;7602;FILIAL  7602 - NAO ME TOQUE;05/08/2021;;7602
8;7608;FILIAL  7608 - LAGES;03/01/2022;;7608
8;7609;FILIAL  7609 - PONTA GROSSA;01/11/2021;;7609
8;7612;FILIAL  7612 - LAGOA VERMELHA;03/01/2022;;7612
8;7614;FILIAL  7614 - CONCORDIA;28/02/2022;;7614
8;7620;FILIAL  7620 - SAO GABRIEL;01/04/2022;;7620
8;7628;FILIAL  7628 - JOACABA;01/04/2022;;7628
8;7629;FILIAL  7629 - ITAJAI;01/06/2022;;7629
8;7637;FILIAL  7637 - BAGE;01/11/2023;;7637
8;7638;FILIAL  7638 - DOIS VIZINHOS;01/01/2024;;7638
8;7642;FILIAL  7642 - TRAMANDAI;01/06/2024;;7642
8;7643;FILIAL  7643 - PATO BRANCO;01/06/2024;;7643
8;1500;PRESIDENCIA;01/01/1980;31/07/2024;500
8;1510;VICE-PRESIDENCIA;01/01/1980;31/07/2024;510
8;1520;DIRETORIA COMERCIAL;01/01/1980;31/07/2024;520
8;1521;COMPRAS TOTTAL;01/01/1980;31/07/2024;521
8;1540;DIRETORIA POR MENOS;01/01/1980;31/07/2024;540
8;1541;COMPRAS POR MENOS;01/01/1980;31/07/2024;541
8;1546;DEPOSITO POR MENOS;01/01/1980;31/07/2024;546
8;1550;DIRETORIA GRAZZIOTIN;01/01/1980;31/07/2024;550
8;1551;COMPRAS GRAZZIOTIN;01/01/1980;31/07/2024;551
8;1570;DIRETORIA FRANCO GIORGI;01/01/1980;31/07/2024;570
8;1571;COMPRAS FRANCO GIORGI;01/01/1980;31/07/2024;571
8;1580;DIRETORIA ARRAZZO;01/01/1980;31/07/2024;580
8;1581;COMPRAS ARRAZZO;01/01/1980;31/07/2024;581
8;1585;VIA RAQUELLE;01/01/1980;31/07/2024;585
8;1590;DIRETORIA RECURSOS HUMANOS;01/01/1980;31/07/2024;590
8;1592;ASSESSORIA DESENVOLVIMENTO;01/01/1980;31/07/2024;592
8;1593;DEPARTAMENTO PESSOAL;01/01/1980;31/07/2024;593
8;1600;DIRETORIA ADMIN.FINANCEIRA;01/01/1980;31/01/2019;600
8;1603;DECRE;01/01/1980;31/01/2019;603
8;1605;CREDITO/COBRANCA;01/01/1980;31/01/2019;605
8;1606;CONTABILIDADE;01/01/1980;31/01/2019;606
8;1611;AUDITORIA;01/01/1980;31/01/2019;611
8;1615;SERVICOS GERAIS;01/01/1980;31/01/2019;615
8;1619;INFORMATICA;01/01/1980;31/01/2019;619
8;1630;EXPANSAO;01/01/1980;31/07/2024;630
8;1632;PIRATINI;01/01/1980;31/07/2024;632
8;1705;PRESIDENCIA;01/01/1980;;705
8;1706;ASSESSORIA DIRETORIA;01/04/2024;;706
8;1707;VICE-PRESIDENCIA;01/01/1980;;707
8;1709;EXPANSÃO E MERCADOS;05/02/2019;;709
8;1720;COMERCIAL;01/01/1980;;720
8;1721;MARKETING;01/04/2020;;721
8;1722;CONTROLE DE QUALIDADE;04/10/2022;;722
8;1723;REGIONAIS;01/01/2020;;723
8;1730;ADMINISTRATIVO;01/02/2019;30/11/2024;730
8;1731;RELAÇÃO COM INVESTIDORES;01/02/2019;31/07/2024;731
8;1740;DIRETORIA ADMINISTRATIVA;01/01/1980;31/07/2024;740
8;1750;DIRETORIA FINANCEIRA;01/01/1980;31/07/2024;750
8;1751;SUPERVISÃO ÁREA FINANCEIRA;01/12/2024;;751
8;1760;DIRETORIA ADM. FINANCEIRA;01/01/1980;31/07/2024;760
8;1761;AUDITORIA;01/01/1980;31/07/2024;761
8;1762;JURIDICA;01/01/1980;31/07/2024;762
8;1763;DECRE;01/12/2024;;763
8;1764;DECOB;01/12/2024;;764
8;1765;CAD;01/01/1980;31/07/2024;765
8;1768;INFRAESTRUTURA, SUPORTE E GESTÃO;01/05/2017;;768
8;1769;TECNOLOGIA E INOVAÇÃO;01/02/2019;;769
8;1770;CONTABILIDADE;01/01/1980;31/07/2024;770
8;1771;CONTAS A PAGAR;01/12/2024;;771
8;1772;CONTAS A RECEBER;01/12/2024;;772
8;1780;RECURSOS HUMANOS;01/01/1980;;780
8;1781;RECRUTAMENTO;01/01/1980;31/07/2024;781
8;1782;SESMT;26/04/2021;;782
8;1783;ASSESSORIA DESENVOLVIMENTO;01/01/1980;;783
8;1784;COMUNICACAO E PROJETOS;01/03/2013;;784
8;1785;PESQUISA E DESENVOLVIMENTO P&D;01/09/2022;31/07/2025;785
8;1786;DEPARTAMENTO PESSOAL;01/01/1980;;786
8;1787;RELAÇÕES PÚBLICAS;12/04/2024;;787
8;1811;DIRETORIA GRAZZIOTIN;05/02/2019;;811
8;1813;REGIONAIS GRAZZIOTIN;01/07/2008;04/02/2019;813
8;1815;COMPRAS GRAZZIOTIN;05/02/2019;;815
8;1821;DIRETORIA ARRAZZO;01/01/1980;31/07/2024;821
8;1825;COMPRAS ARRAZZO;01/01/1980;31/07/2024;825
8;1831;DIRETORIA POR MENOS;05/02/2019;;831
8;1833;REGIONAIS POR MENOS;01/07/2008;04/02/2019;833
8;1835;COMPRAS POR MENOS;05/02/2019;;835
8;1841;DIRETORIA FRANCO GIORGI;05/02/2019;;841
8;1843;REGIONAIS FRANCO;01/07/2008;04/02/2019;843
8;1845;COMPRAS FRANCO GIORGI;05/02/2019;;845
8;1851;DIRETORIA TOTTAL;05/02/2019;;851
8;1853;REGIONAIS TOTTAL;01/07/2008;04/02/2019;853
8;1855;COMPRAS TOTTAL;05/02/2019;;855
8;1861;VIA RAQUELLE;01/01/1980;31/07/2024;861
8;1865;COMPRAS VIA RAQUELLE;01/01/1980;31/07/2024;865
8;18701;REGIÃO I;01/08/2024;;8701
8;18702;REGIÃO II;01/08/2024;;8702
8;18703;REGIÃO III;01/08/2024;;8703
8;18704;REGIÃO IV;01/08/2024;;8704
8;18705;REGIÃO V;01/08/2024;;8705
8;18706;REGIÃO VI;01/08/2024;;8706
8;18707;REGIÃO VII;01/08/2024;;8707
8;18708;REGIÃO VIII;01/08/2024;;8708
8;18709;REGIÃO IX;01/08/2024;;8709
8;1871;DIRETORIA GZT STORE;25/06/2021;;871
8;18710;REGIÃO X;01/08/2024;;8710
8;18711;REGIÃO XI;01/08/2024;;8711
8;18712;REGIÃO XII;01/08/2024;;8712
8;18713;REGIÃO XIII;01/08/2024;;8713
8;18714;REGIÃO XIV;01/08/2024;;8714
8;18715;REGIÃO XV;01/08/2024;;8715
8;18716;REGIÃO XVI;01/08/2024;;8716
8;18717;REGIÃO XVII;01/08/2024;;8717
8;18718;REGIÃO XVIII;01/06/2025;;8718
8;18719;REGIÃO XIX;01/06/2025;;8719
8;18720;REGIÃO XX;01/06/2025;;8720
8;1891;PIRATINI;01/01/1980;31/07/2024;891
8;1907;ADM - E-COMMERCE;01/01/2023;;907
8;13531;DEPOSITO TOTTAL;01/01/1980;31/07/2024;531
8;13561;DEPOSITO GRAZZIOTIN;01/01/1980;31/07/2024;561
8;13572;DEPOSITO FRANCO GIORGI;01/01/1980;31/07/2024;572
8;13582;DEPOSITO ARRAZZO;01/01/1980;31/07/2024;582
8;13587;DEPOSITO VIA RAQUELLE;01/01/1980;31/07/2024;587
8;13818;DEPOSITO GRAZZIOTIN;01/01/1980;31/07/2024;818
8;13828;DEPOSITO ARRAZZO;01/01/1980;31/07/2024;828
8;13838;DEPOSITO POR MENOS;01/01/1980;31/07/2024;838
8;13848;DEPOSITO FRANCO GIORGI;01/01/1980;31/07/2024;848
8;13858;DEPOSITO TOTTAL;01/01/1980;31/07/2024;858
8;13868;DEPOSITO VIA RAQUELLE;01/01/1980;31/07/2024;868
8;13900;LOGÍSTICA;01/01/2014;;900
4;001;AREA ADMINISTRATIVA;01/01/1980;;001
280;001;CAULESPAR;01/01/1980;;001
282;001;FINANCEIRA;01/01/1980;;001
276;001;CENTRO SHOPPING;01/01/1980;;001
1629;002;FLORESTA PIRATINI;27/01/2017;;002
4;002;CONTABILIDADE;01/01/1980;;002
276;002;CENTRO SHOPPING;01/01/1980;;002
4;003;AREA DE VENDAS;01/01/1980;;003
4;004;DEPOSITO;01/01/1980;;004
282;015;CENTRAL FINANCEIRA 015;01/10/2022;;015
282;025;CENTRAL FINANCEIRA 025;01/10/2022;;025
276;121;CENTRO SHOPPING;01/01/1980;;121
282;128;CENTRAL FINANCEIRA 128;01/02/2025;;128
4;350;PRIVATE LABEL - MUNDIART SA;06/02/2023;;350
282;467;CENTRAL FINANCEIRA 467;01/10/2022;;467
2;500;PRESIDENCIA;01/01/1980;;500
6;500;GRATO ADMINISTRACAO;01/01/1980;;500
282;580;CENTRAL FINANCEIRA 580;01/10/2022;;580
282;7044;CENTRAL FINANCEIRA 7044;01/10/2022;;7044
